paper_author,paper_title,paper_date,in_text_citation
OECD,Applying Evaluation Criteria Thoughtfully,2021,OECD 2021
Moderning Foreign Assistance Network,White Paper Recommendations: Building on a Legacy of Progress: Opportunities to Reform U.S. Foreign Assistance,2024,Moderning Foreign Assistance Network 2024
"Fanning, Emma; Fullwood-Thomas, Jessica",The Humanitarian-Development-Peace Nexus: What does it mean for multi-mandated organizations?,2019,Fanning et al. 2019
"Sarosi, Diana; Lhote Fernandes, Sandra",Feminist Aid: A call for G7 leaders to beat inequality,2019,Sarosi et al. 2019
"Saarinen, Hanna; Godfrey, Claire",Accountability Deficit? Assessing the effectiveness of private finance blending in ensuring that small-scale farmers are not left behind,2019,Saarinen et al. 2019
"Seery, Emma; Seghers, Julie",Hitting the Target: An agenda for aid in times of extreme inequality,2019,Seery et al. 2019
"Anglade, Marc; Cohen, Marc; Joseph, Tonny",USAID’s AVANSE Project in Haiti: An assessment of its conformity with aid effectiveness principles,2019,Anglade et al. 2019
"Hemsley, Matthew; Achilles, Kathryn",Aid in Limbo: Why Syrians deserve support to rebuild their lives,2019,Hemsley et al. 2019
"Shakun, Zorica; Sbeih, Tammam",Gender Perspectives on Humanitarian Programming in Syria,2018,Shakun et al. 2018
"Cohen, Marc J.; Mekuria, Tigist",Tracing Swedish Development Flows: A study of the traceability of Swedish aid to Tanzania,2018,Cohen et al. 2018
"Ayoub, Bachir; Mahdi, Dima",Making Aid Work in Lebanon: Promoting aid effectiveness and respect for rights in middle-income countries affected by mass displacement,2018,Ayoub et al. 2018
"Parrish, Chloe; Kattakuzhy, Anita",Money Talks: A synthesis report assessing humanitarian funding flows to local actors in Bangladesh and Uganda,2018,Parrish et al. 2018_1
UN Summit for the Future,Pact for the Future,2024,UN Summit for the Future 2024
"Parish, Simon; Cohen, Marc J.; Mekuria, Tigist",Follow the Money: Using International Aid Transparency Initiative data to trace development aid flows to their end use,2018,Parish et al. 2018
"Ceccarelli, Giorgia",Development – A Private Affair? The involvement of the Italian private sector in rural development cooperation programmes,2018,Ceccarelli 2018
"Parrish, Simon; Cohen, Marc J; Mecuria, Tigist",Tracing US Development Flows: A study of the traceability of US aid to Ghana,2018,Parrish et al. 2018_2
"Siegel, Michael",Mobilising Domestic Resources to Help Mali’s Poorest Populations: The role of French development aid,2017,Siegel 2017
"Alden, Chris","New Actors, New Models, New Outcomes? African countries’ engagement with China and other development partners in achieving the SDGs and Agenda 2063",2017,Alden 2017
"Hooijer, Hugo; Meijer, Madelon",Finance for a Fruitful Future: Dutch aid for agriculture 2005-2015,2017,Hooijer et al. 2017
"Saieh, Alexandra; Abi Khalil, Sally; Gorevan, Daniel",Making Aid To Jordan And Lebanon Work: Aid effectiveness in middle income countries affected by mass displacement,2017,Saieh et al. 2017
Oxfam,From Pledge to commitment: How should donors engage to reconstruct Central African Republic during the Brussels Conference?,2016,Oxfam 2016
"Ahmad, Tariq; Wainer, Andrew",The Power of Ownership: Transforming US foreign assistance,2016,Ahmad et al. 2016_1
"Adams, Gregory; Rosche, Daniela",Accountability and Ownership: The role of aid in a post-2015 world,2016,Adams et al. 2016
International Rescue Committee,The New World Disorder: Rethinking Aid in an Era of Scarcity,2026,International Rescue Committee 2026_1
"Cohen, Marc J.; Ferguson, Kevin; Gingerich, Tara R.; Scribner, Shannon",Righting the Wrong: Strengthening local humanitarian leadership to save lives and strengthen communities,2016,Cohen et al. 2016
"Baudot, Caroline","Solidarity with Syrians: action needed on aid, refuge, and to end the bloodshed",2015,Baudot 2015
"Cairns, Edmund",British aid and British arms: a coherent approach to Yemen?,2015,Cairns 2015
"Gingerich, Tara R.; Cohen, Marc Jacob; Oxfam International",Turning the humanitarian system on its head: saving lives and livelihoods by strengthening local capacity and shifting leadership to local actors,2015,Gingerich et al. 2015
"Ahmad, Tariq","To Fight Corruption, Localize Aid: How US foreign assistance can support a locally driven fight against corruption",2015,Ahmad 2015_1
"O'Neil, Glenn; Garay, Jana; Goldschmid, Patricia; Lienart, Laetitia; Roper, Laura; Ruano, George Ellis; Sarma, Nirupama; Schaepers, Ana Paula",Evaluation of the Global Leaders Empowered to Alleviate Poverty (LEAP) Program,2015,O'Neil et al. 2015
"Ayele, Sophia","The Indian Ocean tsunami, 10 years on: lessons from the response and ongoing humanitarian funding challenges",2014,Ayele 2014
"Grasset, Julia",CaLP case study: Unconditional cash transfers to reduce food insecurity for displaced households and assist in the repatriation of people to their villages of origin – Niger,2014,Grasset 2014
"Burnley, Jasmine; Pereira, Javier",Riding the Wave of Reform: Fast-tracking Myanmar’s future with good quality aid,2014,Burnley et al. 2014
The US Government's Global Hunger and Food Security Initiative,The Feed the Future Interagency Report 2024,2024,The US Government's Global Hunger and Food Security Initiative 2024
USAID,Exit Memo:  United States Agency for International Development,2025,USAID 2025
Bridgetown Initiative,BRIDGETOWN  INITIATIVE  ON THE REFORM OF  THE INTERNATIONAL  DEVELOPMENT AND  CLIMATE FINANCE  ARCHITECTURE,,Bridgetown Initiative n.d._1
Bridgetown Initiative,Making the Case for Climate and Nature Resilience Investments: The Need to Revise Growth and Debt Sustainability Frameworks,2025,Bridgetown Initiative 2025_1
Bridgetown Initiative,Swapping debt for resilience and development investments,2026,Bridgetown Initiative 2026
Bridgetown Initiative,From Risk to Resilience How Insurance Can Mobilise Disaster Finance and  Climate Investment in Vulnerable Economies,2025,Bridgetown Initiative 2025_2
Bridgetown Initiative,The Resilience Effect:  10 Super Levers to  Catalyse Finance in  Climate-Vulnerable  Countries,,Bridgetown Initiative n.d._2
Global Development Policy Center,V20 Debt Review (2nd Edition): An account of debt in the Vulnerable Group of Twenty,2024,Global Development Policy Center 2024
OECD,Applying a Human Rights and Gender Equality Lens to the OECD Evaluation Criteria,2023,OECD 2023_1
"Samantha Attridge; Svenstrup, Mary",Breaking the Bottlenecks:  G20 Priorities for Private Capital  Mobilization,2026,Attridge et al. 2026
"CALLEJA, RACHAEL; CICHOCKA, BEATA; BELLÉS, SARA CASADEVALL",What Will It Mean for Development  Agencies to Be Effective in the  Years Ahead?,2026,Calleja et al. 2026
BEATA CICHOCKA; SARA CASADEVALL BELLÉS; RACHAEL CALLEJA,Effectiveness in Practice What it Means and How it is Implemented  by Four Development Agencies,2025,Cichocka et al. 2025
"KELLER, JANEEN MADAN; LANDERS, CLEMENCE; ROCKAFELLOW, ROWAN",Financing at a Crossroads How the Global Fund Can Adapt to a Shrinking  Aid Landscape,2025,Keller et al. 2025
"MITCHELL, IAN; HUGHES, SAMUEL; EDWARD WICKSTEAD",UK Development Finance beyond ODA  Mapping and Assessing the UK’s Non-grant  Development Finance,2023,Mitchell et al. 2023
"MORRIS, SCOTT; ROCKAFELLOW, ROWAN; SINGH, DALEEP",Reimagining the US Sovereign  Loan Guarantee Program A Cost-Effective Strategy for Supporting  Developing Country Partners,2023,Morris et al. 2023
"Estes, Jocilyn; Collinson, Erin; Brownell, Julia","Deep Cuts, New Directions? Trump’s FY27 Budget and the Future of US Foreign Assistance",2026,Estes et al. 2026
"Alice Obrecht; Pearson, Mike",What new funding data tells us about donor decisions in 2025,2025,Obrecht et al. 2025
"Kumar, Claire; Hargrave, Karen; Craviotto, Nerea; Pudussery, Jessica",The case for development in 2025   Exploring new narratives for aid in the context of  the EU’s new strategic agenda,2025,Kumar et al. 2025
Annalisa Prizzon; Fatlum Zeka; Hayk Gyuzalyan; Arpine Aghjoyan,Reforming multilateral  development banks:  perspectives from client  countries,2026,Prizzon et al. 2026
OECD,DAC Quality Standards for Development Evaluation,2010,OECD 2010
Chris Humphrey; Chris McHugh,MDBs as an asset  class,2026,Humphrey et al. 2026_1
"Gilmour, Archie; Steadman, Shandelle; Amy Cano Prentice; Huda, Mirza Sadaqat",Transition finance  across G20 presidencies,2026,Gilmour et al. 2026
Nilima Gulrajani,Development narratives in a post-aid era Reflections on implications for the global effectiveness agenda,2022,Gulrajani 2022
"Humphrey, Chris; Pudussery, Jessica; Dahan, Frederique",Preferred creditor  treatment and  multilateral  development banks’ mobilisation agenda,2026,Humphrey et al. 2026_2
"Foster, Vivien; Islam, Roumeen; Chen, Yunnan; Calabrese, Linda",China’s infrastructure finance in  Africa  Impacts and lessons,2026,Foster et al. 2026
"Panwar, Vikrant; Wilkinson, Emily; Solanki, Aditi; Hurley, Gail",How Small Island Developing States  view their development partners  A perceptions survey,2026,Panwar et al. 2026
"Taylor, Jacob; Krishna, Kershlin",A constructive path to sustainable trade reform,2026,Taylor et al. 2026
"Grown, Caren; Mascagni, Giulia",Fiscal politics: The missing link between fiscal policy and gender equality,2025,Grown et al. 2025_1
Sejal Patel,Gearing national financial and governance systems for delivering locally led adaptation: The integration of care,2025,Patel 2025
"Coulibaly, Brahima Sangafowa; Abedin, Wafa; Zang, Omer",Mobilizing Africa’s resources for development,2026,Coulibaly et al. 2026
OECD,Glossary of Key Terms in Evaluation and Results-based Management in Sustainable Development (Second Edition),2023,OECD 2023_2
"Griffith, Este",Tracking federal expenditures in real time,2026,Griffith 2026
"Grown, Caren; Martinez, Laura","Introduction: Six themes and key recommendations for embedding gender equality, care, and climate in fiscal policy",2025,Grown et al. 2025_2
"Ingram, George; Pipa, Anthony F.",Locally led development in a time of disruption,2025,Ingram et al. 2025
"Bhattacharya, Amar; Kharas, Homi; Rivard, Charlotte; Soubeyran, Eleonore",From aid-driven to investment-driven models of sustainable development,2025,Bhattacharya et al. 2025
US Global Leadership Coalition,A Blueprint for America to Win in the World,2025,US Global Leadership Coalition 2025
USGLC,A ROADMAP FOR  U.S. GLOBAL LEADERSHIP,2021,USGLC 2021
International Rescue Committee,Rethinking Aid in an Era of Scarcity: IRC warns of widening “life-and-death” gap,2026,International Rescue Committee 2026_2
International Rescue Committee,A NEW ERA FOR AID: Prioritising people and protecting progress,2026,International Rescue Committee 2026_3
"Sabow, Adam; Craven, Matt; Wilson, Matt; Conway, Michael; Holt, Tania; Rochford, Connor; Anderson, Sarah",A generational shift: The future of foreign aid,2025,Sabow et al. 2025
Oxfam America,OXFAM AID COMPENDIUM,2022,Oxfam America 2022
OECD,Paris Declaration on Aid Effectiveness,2005,OECD 2005_1
"Tenwick, Jade; Saarinen, Hanna; von Stackelberg, Asta; Kowalzig, Jan; Elliot, Aideen; van der Steenhoven, Nick; Marzotto, Mia; Walsh, Garry; Flynn, Michael McCarthy; de Bock, Catherine; Nalbandian, Elise; Diaz, Mireia Perez; Helko, Suvi; Fernandez-Duran, Cristina; McGrath, Bríd",A Presidency Grounded in EU Values: Oxfam’s recommendations for the Irish Presidency of the Council of the European Union,2026,Tenwick et al. 2026
"Ghabash, Weam",Empowered or constrained? Transnational funds and feminist activism in (post-)conflict Syria,2026,Ghabash 2026
"Oula, Stephanie; Nowrojee, Sia",Where the future was built: fifty years of feminist advocacy at the United Nations,2026,Oula et al. 2026
"Safe Programming & Accountability, Ogb",Safe Programming in Humanitarian Responses: A guide to managing risk,2026,Safe Programming & Accountability 2026
"Canali De Castro, Nicole; Rivadeneira Moncada, Maria; Somerset, Laura; Weldegabre Sebehatu, Eyosaite",Building Disaster Resilient Communities Through Women’s Leadership,2026,Canali De Castro et al. 2026
"Scott, Rachel",Grand Bargain 10 Years on: Protecting quality under scarcity,2026,Scott 2026
"Bokpin, Godwin; Acheampong, Theophilus; Asuming, Patrick Opoku",Beyond Aid in Ghana,2025,Bokpin et al. 2025
"Abdulrazak, Ibrahim",Building a locally driven humanitarian future in Somalia,2025,Abdulrazak 2025
"Baldoumas, Abigael; Noor, Anila; Knox, Duncan; Smyth, Fionna; Kezie-Nwoha, Helen; Alabdeh, Maria; Sophie Pettersson, Marie","Beyond Rhetoric: Feminist leadership for a transformative Women, Peace and Security agenda at 25- Case studies from Colombia, the Democratic Republic of Congo, the Occupied Palestinian Territory and South Sudan",2025,Baldoumas et al. 2025
"Majale, Naomi; Duvisac, Sara","Changing Face of Aid in Africa: Outlook, failures, and reform potential",2025,Majale et al. 2025
OECD,Aid Effectiveness: A Progress Report on Implementing the Paris Declaration,2009,OECD 2009_1
"Gemsol Social, Business And Management Consult","Climate Financing, Institutional Structure, and Budget Tracing in Ethiopia",2025,Gemsol Social 2025
"Nocerino, Salvatore",Beyond the Targets: An ambitious agenda to put aid back on track,2025,Nocerino 2025
"Chirichetti, Jessica; Onduru, Erick",Together Against  Poverty Project Phase II Phase II Advocacy in Action: Stories of Change  and Learnings for the Future,2025,Chirichetti et al. 2025
"Robinson, Lawrence; van Roozendaal, Lou; van den Berg, Michelle",Better Safe Than Sorry: Four fundamentals for scaling up anticipatory action,2024,Robinson et al. 2024
"Greener, Charlotte","Two years at the forefront: Exploring the needs and experiences of women-led, women's rights, and LGBTQIA+ led organizations two years into the Ukraine humanitarian response",2024,Greener 2024
"Manlutac, Janice Ian; Kasumba, Joseph Mary","Locally Led Emergency Response Fund (LL-ERF) Project: Experiences from Bangladesh, Puerto Rico, and Uganda",2024,Manlutac et al. 2024
"Marriott, Anna",Sick Development: How rich-country government and World Bank funding to for-profit private hospitals causes harm and should be stopped,2023,Marriott 2023
"Hussain, Riaz",The Case for SDG 6 in a Post-Covid World: How targeted funding in water and sanitation can build resilience,2023,Hussain 2023
"Cohen, Marc J.; Coplin, Nathan; James-Finel, Marc",Does Aid to Domestic Revenue Mobilization Support Tax Fairness? A synthesis of Oxfam research,2023,Cohen et al. 2023
"Shrestha, Shreeju; Leighton, Joshua",The Group Cash Transfer (GCT) Approach,2023,Shrestha et al. 2023
OECD,Aid Effectiveness 2011: Progress in Implementing the Paris Declaration,2012,OECD 2012
"Duvisac, Sara",Decolonize! What does it mean?,2022,Duvisac 2022
"Saad, Saed; Read, Sonja; Mountfield, Ben",Linking Cash and Voucher Assistance with Social Protection: A case study in Gaza,2022,Saad et al. 2022
"Patchett, Hannah","Za'atari Refugee Camp, 10 Years On: Stalled ambitions and lost hope, but durable solutions are possible",2022,Patchett 2022
"Smart, Kristin; Shrestha, Shreeju",Delivering Better together: Standard Operating Procedures for Oxfam’s Approach to Cash and Voucher Assistance,2022,Smart et al. 2022
"Manlutac, Janice Ian","The State of Local Humanitarian Leadership: A learning report on a series of LHL online convenings held in Asia, the Middle East and Northern Africa, the Pacific, and West Africa",2022,Manlutac 2022_1
"Manlutac, Janice Ian","The State of Local Humanitarian Leadership: A learning report on a series of LHL online convenings held in Asia, the Middle East and Northern Africa, the Pacific, and West Africa",2022,Manlutac 2022_2
Oxfam,What can we learn? Case studies on the triple nexus in West Africa,2023,Oxfam 2023
"Tomlinson, Brian",Analyzing European Union Institutions’ Flows for Total Official Support for Sustainable Development (TOSSD),2022,Tomlinson 2022
"Tonny, Joseph",Empowering Local Governments? The LOKAL+ project in Haiti,2021,Tonny 2021
"Manlutac, Janice Ian",Funding the Frontline: How an Oxfam Emergency Response Fund facilitated local humanitarian action,2021,Manlutac 2021
MODERNIZING FOREIGN ASSISTANCE NETWORK,"MODERNIZING FOREIGN ASSISTANCE NETWORK. Consensus Principles & Recommendations for the Future of U.S. International Assistance. MFAN, 2025. https://www.modernizeaid.net/resources/bipartisan-leaders-launch-consensus-principles-to-guide-the-future-of-u-s-foreign-assistance.",2025,MODERNIZING FOREIGN ASSISTANCE NETWORK 2025
"Vera, Cesar Allan; Brusola-Vera, Ma. Lourdes; Felizco, Maria Rosario; Manlutac, Janice Ian",Local Humanitarian Leadership: The View from Local Actors,2021,Vera et al. 2021
"Sharma, Ritu",Foreign Aid 101: A quick and easy guide to understanding US foreign aid,2021,Sharma 2021
"Maeresera, Eleanor; Chikowore, Adrian",Will the Cure Bankrupt Us? Official Development Assistance and the COVID-19 Response in Southern African Countries,2020,Maeresera et al. 2020
"Cooper, Hannah",Funding the Humanitarian Response in Yemen: Are donors doing their fair share?,2020,Cooper 2020
"Seery, Emma",50 years of Broken Promises: The $5.7 trillion debt owed to the poorest people,2020,Seery 2020
"Gorevan, Daniel; Hemsley, Matthew; Sider, Rachel",Hard Lessons: Delivering assistance in government-held areas of Syria,2020,Gorevan et al. 2020
"Said-Foqahaa, Nader; Barghouti, Mariam; Said, Samer; Thue, Braden",Responsiveness of the Palestinian National Cash Programme to Shifting Vulnerabilities in the Gaza Strip,2020,Said-Foqahaa et al. 2020
"Seghers, Julie",Whatever It Takes: A rapid and massive increase in aid is needed to save millions of lives and bring our divided world together amid the coronavirus pandemic,2020,Seghers 2020
"Robillard, Sabina; Jean, Isabella; Gingerich, Tara; Mejía, Carlos Esteban; Farfan, Ledis Bohórquez; Grisgraber, Daryl; Joseph, Tonny; Maxwell, Daniel","Anchored in Local Reality: Case Studies on Local Humanitarian Action from Haiti, Colombia, and Iraq",2020,Robillard et al. 2020
Moderning Foreign Assistance Network,The Future of U.S. Development and Humanitarian Assistance: Recommendations for Influence and Impact,2025,Moderning Foreign Assistance Network 2025
"Clements, Mary Ann; Sweetman, Caroline",Introduction: Reimagining International Development,2020,Clements et al. 2020
"Wallace, Tina",Re-imagining development by (re)claiming feminist visions of development alternatives,2020,Wallace 2020
"Hug, Adam; Baldoumas, Abigael; Chakrabortty, Katy; Sriskandarajah, Danny",Finding Britain's Role in a Changing World: Building a values-based foreign policy,2020,Hug et al. 2020
"Grabowski, Aria; Essick, Parker",Are they really gender equality projects? An examination of donors’ gender-mainstreamed and gender-equality focused projects to assess the quality of gender-marked projects,2020,Grabowski et al. 2020
"Raty, Tuuli; Shilhav, Raphael",The EU Trust Fund for Africa: Trapped between aid policy and migration politics,2020,Raty et al. 2020
"Rust, Björn",Unblocked Cash: Piloting Accelerated Cash Transfer Delivery in Vanuatu,2019,Rust 2019
Oxfam,Financing for Development in Vietnam: After International Development Association (IDA) graduation,2019,Oxfam 2019_1
"Degnan, Chris; Kattakuzhy, Anita",Money Talks: Assessing funding flows to local and national actors in Uganda,2019,Degnan et al. 2019
Oxfam,UK Aid and Arms in Yemen,2019,Oxfam 2019_2
"Jeune, Hilary",Faith is Not Enough: Ensuring that aid donor-private sector partnerships contribute to sustainable development,2019,Jeune 2019
"LUGONES, MARÍA",Toward a Decolonial Feminism,2010,LUGONES 2010
"Moghadam, Val",What Might a Feminist Foreign Policy Look Like?,2020,Moghadam 2020
"True, Jacqui",The Political Economy of Violence against Women,2012,True 2012
"True, Jacqui","Explaining the global diffusion of the Women, Peace and Security agenda",2016,True 2016
"Johnson-Freese, Joan; True, Jacqui","Women, Peace, and Security: A competitive edge for Australia and the US",2021,Johnson-Freese et al. 2021
"Esteva, Gustavo; Prakash, Madhu Suri","Beyond Development, What? (Au-delà du développement, qu'y-a-t-il? / Além do desenvolvimento, o que acontece? / Mas allá del desarrollo, ¿Cómo?)",1998,Esteva et al. 1998
"Esteva, Gustavo; Escobar, Arturo","Post-Development @ 25: on ‘being stuck’ and moving forward, sideways, backward and otherwise",2017,Esteva et al. 2017
"Mignolo, Walter D.",INTRODUCTION: Coloniality of power and de-colonial thinking,2007,Mignolo 2007
"Narayanaswamy, Lata","Race, racialisation, and coloniality in the humanitarian aid sector",2024,Narayanaswamy 2024
"Cook, Sarah; Kabir, Naila",From economic growth to a wellbeing economy: notes for a feminist foreign policy,2023,Cook et al. 2023
"Slim, Hugo",Is racism part of our reluctance to localise humanitarian action?,2020,Slim 2020
"Slim, Hugo",Localization is Self-Determination,2021,Slim 2021
"Easterly, William",Was Development Assistance a Mistake?,2007,Easterly 2007_1
"Easterly, William",Are aid agencies improving?,2007,Easterly 2007_2
"Easterly, William; Pfutze, Tobias",Where Does the Money Go? Best and Worst Practices in Foreign Aid,2008,Easterly et al. 2008
Women's Refugee Commission,A year of harms: The impact of US foreign aid cuts on women and girls in humanitarian crises,2026,Women's Refugee Commission 2026
UN Women,At a breaking point: The impact of foreign aid cuts on women's organizations,2025,UN Women 2025
"Stern, Erin; Doyle, Kate; Levtov, Ruti; Heise, Lori",Unravelling progress: how US foreign aid cuts undermine global efforts to end violence against women,2026,Stern et al. 2026
"Endam Mbah, Ruth; Maddox Hardgrave, Caden; Engonwei Mbah, Drusilla; Nutt, Alyssa; G. Russell, Jordan","The Impact of USAID Budget Cuts on Global Development Initiatives: A Review of Challenges, Responses, and Implications",2025,Endam Mbah et al. 2025
"Duffield, Mark",Governing the Borderlands: Decoding the Power of Aid,2001,Duffield 2001
"Kabeer, Naila",Tracking the gender politics of the Millennium Development Goals: struggles for interpretive power in the international development agenda,2015,Kabeer 2015
"Duffield, Mark","Challenging environments: Danger, resilience and the aid industry",2012,Duffield 2012
"Duffield, Mark",NGO Relief in War Zones: Towards an Analysis of the New Aid Paradigm,1997,Duffield 1997
"Brabant, Koenraad Van; Patel, Smruti",Understanding the localisation debate,2021,Brabant et al. 2021
"Robillard, Sabina; Atim, Teddy; Maxwel, Daniel","Localization: A ""landscape"" report",2021,Robillard et al. 2021
"Mulder, Femke",The paradox of externally driven localisation: a case study on how local actors manage the contradictory legitimacy requirements of top-down bottom-up aid,2023,Mulder 2023
"Pearson, M.; Girling-Morris, F.; Nelson-Pollard, S.",Global Humanitarian Assistance Report,2025,Pearson et al. 2025
"Barbalet, Veronique","As local as possible, as international as necessary",2018,Barbalet 2018
"GINGERICH, TARA; COHEN, MARC J.",Turning the humanitarian system on its head,2015,GINGERICH et al. 2015
"Eyben, Rosalind",Hiding Relations: The Irony of ‘Effective Aid’,2010,Eyben 2010
"Dhanani, Priya; Flynn, Asher; True, Jacqui","Funding, Power, and Resistance: How International Aid Shapes Feminist Movements in Fiji",2026,Dhanani et al. 2026
Rosalind Eyben,"Power, mutual accountability and responsibility in the practice of international aid",2008,Eyben 2008
"Roepstorff, Kristina",A call for critical reflection on the localisation agenda in humanitarian action,2020,Roepstorff 2020
"Wall, Imogen; Hedlund, Kerren",Localisation and Locally-led Crisis Response: A Literature Review,2016,Wall et al. 2016
"Aloudat, Tammam; Khan, Themrise",Decolonising humanitarianism or humanitarian aid?,2022,Aloudat et al. 2022
"Khan, Themrise",Envisioning an alternative ecoystem for global development and humanitarianism,2003,Khan 2003
"Mohanty, Chandra Talpade",Feminism without Borders,2003,Mohanty 2003
"Hilhorst, Dorothea",Classical humanitarianism and resilience humanitarianism: making sense of two brands of humanitarian action,2018,Hilhorst 2018
"Whiteside, Alan",Dead aid: Why aid is not working and how there is a better way for Africa,2010,Whiteside 2010
"Batliwala, Srilatha",Taking the Power out of Empowerment: An Experiential Account,2007,Batliwala 2007
"Meernik, James; Krueger, Eric L.; Poe, Steven C.",Testing Models of U.S. Foreign Policy: Foreign Aid during and after the Cold War,1998,Meernik et al. 1998
"Finkel, Steven E.; Pérez-Liñán, Aníbal; Seligson, Mitchell A.","The Effects of U.S. Foreign Assistance on Democracy Building, 1990-2003",2007,Finkel et al. 2007
"Irvine, Jill A.",US Aid and gender equality: social movement vs civil society models of funding,2018,Irvine 2018
"Hindery, Leo; Sachs, Jeffrey D.; Smith, Gayle E.",Revamping U.S. Foreign Assistance,2008,Hindery et al. 2008
"Garrett, Laurie A.",The future of foreign assistance amid global economic and financial crisis,2009,Garrett 2009
"Bate, Roger",USAID's health challenge: improving US foreign assistance,2007,Bate 2007
"Sullivan, Denis J.",The Failure of U.S. Foreign Aid: An Examination of Causes and a Call for Reform,1996,Sullivan 1996
"Duggan, Christopher P.; Bhutta, Zulfiqar A.",“Putting America First” — Undermining Health for Populations at Home and Abroad,2025,Duggan et al. 2025
"Cornwall, Andrea; Nyamu-Musembi, Celestine",Putting the 'Rights-Based Approach' to Development into Perspective,2004,Cornwall et al. 2004
"Tarnoff, Curt",Foreign aid: An introduction overview of U.S. programs and policy,2018,Tarnoff 2018
"O’Donnell, Megan",The White House and the World: Restoring and Revitalizing US Leadership on Global Gender Equality and Inclusion,2020,O’Donnell 2020
"Sharma, Ritu",Foreign aid 101,2026,Sharma 2026
"Cornwall, Andrea; Edwards, Jenny",Introduction: Beijing+20 - Where now for Gender Equality?,2015,Cornwall et al. 2015
"Cornwall, Andrea",Taking off International Development's Straightjacket of Gender,2014,Cornwall 2014
"Cornwall, Andrea; Brock, Karen","What Do Buzzwords Do for Development Policy? A Critical Look at 'Participation', 'Empowerment' and 'Poverty Reduction'",2005,Cornwall et al. 2005
"Moyo, Dambisa",Dead aid,2010,Moyo 2010
"Alesina, Alberto; Dollar, David",Who gives foreign aid to whom and why?,2000,Alesina et al. 2000
"Bräutigam, Deborah; Knack, Stephen","Foreign aid, institutions, and governance in sub-Saharan Africa",2004,Bräutigam et al. 2004
"Boone, Peter",Politics and the effectiveness of foreign aid,1996,Boone 1996
"Natsios, Andrew",The Clash of the Counter-bureaucracy and Development,2011,Natsios 2011
"Riddell, Roger",Does foreign aid really work?,2008,Riddell 2008
"Edrees, A.; Azali, M.; Hassan, A.; Nor, N. M.","The impact of government spending, trade, foreign aid and foreign direct investment on poverty reduction in Africa: GMM estimation",2015,Edrees et al. 2015
"Irwin, Julia F.","Recasting the Pillars of US Foreign Disaster Assistance, 1939–1947",2024,Irwin 2024_1
"Irwin, Julia F.",Catastrophic Diplomacy: US Foreign Disaster Assistance in the American Century,2024,Irwin 2024_2
"Irwin, Julia F.",List of Abbreviations,2024,Irwin 2024_3
"Irwin, Julia F.",Notes,2024,Irwin 2024_4
"Irwin, Julia F.",List of Illustrations,2024,Irwin 2024_5
"Irwin, Julia F.","Disaster Assistance in the Decade of Development, 1961–1963",2024,Irwin 2024_6
"Horlings, Lg; Roep, D; Wellbrock, W",The role of leadership in place-based development and building institutional arrangements,2018,Horlings et al. 2018
"Buttler, Friedrich; Walwei, Ulrich",Different institutional arrangements for job placement,2005,Buttler et al. 2005
"Irwin, Julia F.","Stumbling toward Standardization, 1955–1960",2024,Irwin 2024_7
"IRWIN, JULIA F.","The Sun Never Sets, 1924–1931",2024,IRWIN 2024_1
"Anigbogu, Theresa Ukamaka; Edoko, Tonna David; Okoli, Ikechukwu Moses",Foreign direct investment and poverty reduction in Nigeria,2016,Anigbogu et al. 2016
"IRWIN, JULIA F.","New Mechanisms, New Motivations, 1948–1954",2024,IRWIN 2024_2
"Analysis, Gender Inequality And Equality: A Conceptual",Gender Inequality and Equality: A Conceptual Analysis,2024,Analysis 2024
"Roggeband, Conny; van Eerdewijk, Anouka; van der Vleuten, Anna",Reconceptualizing gender equality norm diffusion and regional governance: Logics and geometries,2014,Roggeband et al. 2014
"Fennell, Shailaja; Arnot, Madeleine",Gender education and equality in a global context,2008,Fennell et al. 2008
"Van Eerdewijk, Anouka; Roggeband, Conny",Gender equality norm diffusion and actor constellations: A first exploration,2014,Van Eerdewijk et al. 2014
"Zwingel, Susanne",padma,2019,Zwingel 2019
"Padma, R.; Bency, PB Beulahbel",Conceptual View on Gender Equality through Women Empowerment,2018,Padma et al. 2018
"Wudil, Adamu Ahmed; Saad, Norma MD; OMercic, Jasmin; Zakaria, Lacheheb; Muhammad, Rislanudeen","FOREIGN AID AND POVERTY REDUCTION IN DEVELOPING COUNTRIES: A SYSTEMATIC LITERATURE REVIEW. Conferencii,(6) 1",2023,Wudil et al. 2023
"Hybel, Alex Roberto","Intuition, Rationality, Mindsets, and Foreign Policy Decision-Making Models",2014,Hybel 2014
"Carati, Andrea; Locatelli, Andrea",152References,2025,Carati et al. 2025_1
"Carati, Andrea; Locatelli, Andrea",172Index,2025,Carati et al. 2025_2
"Carati, Andrea; Locatelli, Andrea",Contents,2025,Carati et al. 2025_3
"Carati, Andrea; Locatelli, Andrea","Taming the President: Trump, the Advisory System, and the Mechanisms of US Foreign Policy Decision-Making",2025,Carati et al. 2025_4
"Dibeh, Ghassan",8 Foreign Aid and Economic Development in Post‐war Lebanon,2010,Dibeh 2010
"Arndt, Channing; Jones, Sam; Tarp, Finn","Aid, Growth, and Development: Have We Come Full Circle?",2010,Arndt et al. 2010
"Ranis, Gustav",Toward the enhanced effectiveness of foreign aid,2007,Ranis 2007
"Peake, Jeffrey S.",Agenda setting dynamics and differences across issues: agenda setting on the economy and foreign policy,2016,Peake 2016
"Sakurai, Hiroaki",Foreign Aid and Direct Effect of Poverty Reduction in Thailand,2024,Sakurai 2024
"Riaao-Rodrrguez, Juan Felipe",More than Words and Good Intentions: The Political Agenda-Setting Power Behind Foreign Aid Mechanisms,2014,Riaao-Rodrrguez 2014
"Martins, Pedro M. G.","The Impact of Foreign Aid on Government Spending, Revenue and Domestic Borrowing in Ethiopia",2009,Martins 2009
"Ingram, George",Locally Driven Development,2022,Ingram 2022
"Leo, Benjamin",Is Anyone Listening? Does US Foreign Assistance Target People's Top Priorities?,2013,Leo 2013
"Lundsgaarde, Erik",Bureaucratic pluralism in global development: Challenges for Germany and the United States,2014,Lundsgaarde 2014
"Kentikelenis, Alexander; King, Lawrence; McKee, Martin; Stuckler, David",The International Monetary Fund and the Ebola outbreak,2015,Kentikelenis et al. 2015
"Barnett, Michael N.; Finnemore, Martha","The Politics, Power, and Pathologies of International Organizations",1999,Barnett et al. 1999
"La Porta, Rafael; Shleifer, Andrei",Informality and Development,2014,La Porta et al. 2014
"Hummels, David",Transportation Costs and International Trade in the Second Era of Globalization,2007,Hummels 2007
"Rogge, Karoline S.; Reichardt, Kristin",Policy mixes for sustainability transitions: An extended concept and framework for analysis,2016,Rogge et al. 2016
"Tosun, Cevat",Limits to community participation in the tourism development process in developing countries,2000,Tosun 2000
"Banks, Nicola; Hulme, David; Edwards, Michael","NGOs, States, and Donors Revisited: Still Too Close for Comfort?",2015,Banks et al. 2015
"Autor, David H; Dorn, David; Hanson, Gordon H",The China Syndrome: Local Labor Market Effects of Import Competition in the United States,2013,Autor et al. 2013
"Child, John; Marinova, Svetla",The Role of Contextual Combinations in the Globalization of Chinese Firms,2014,Child et al. 2014
"Engel, Stefanie; Pagiola, Stefano; Wunder, Sven",Designing payments for environmental services in theory and practice: An overview of the issues,2008,Engel et al. 2008
"Rodrik, Dani",Industrial policy for the twenty-first century,2004,Rodrik 2004
"Cotula, Lorenzo",Land grab or development opportunity?: agricultural investment and international land deals in Africa,2009,Cotula 2009
World Bank,World Development Report 1992: Development and the Environment,1992,World Bank 1992
"Meara, John G; Leather, Andrew J M; Hagander, Lars; Alkire, Blake C; Alonso, Nivaldo; Ameh, Emmanuel A; Bickler, Stephen W; Conteh, Lesong; Dare, Anna J; Davies, Justine; Mérisier, Eunice Dérivois; El-Halabi, Shenaaz; Farmer, Paul E; Gawande, Atul; Gillies, Rowan; Greenberg, Sarah L M; Grimes, Caris E; Gruen, Russell L; Ismail, Edna Adan; Kamara, Thaim Buya; Lavy, Chris; Lundeg, Ganbold; Mkandawire, Nyengo C; Raykar, Nakul P; Riesel, Johanna N; Rodas, Edgar; Rose, John; Roy, Nobhojit; Shrime, Mark G; Sullivan, Richard; Verguet, Stéphane; Watters, David; Weiser, Thomas G; Wilson, Iain H; Yamey, Gavin; Yip, Winnie","Global Surgery 2030: evidence and solutions for achieving health, welfare, and economic development",2015,Meara et al. 2015
"Gupta, Joyeeta; Vegelin, Courtney",Sustainable development goals and inclusive development,2016,Gupta et al. 2016
"D'ignazio, Catherine; Klein, Lauren F.",Data feminism,2023,D'ignazio et al. 2023
"Fraser, Nancy","Social justice in the age of identity politics: Redistribution, recognition, and participation",2008,Fraser 2008
"Risk, Disaster",REDUCING DISASTER RISK a challenge for development,2004,Risk 2004
"Hariram, N. P.; Mekha, K. B.; Suganthan, Vipinraj; Sudhakar, Kumarasamy",Sustainalism: An integrated socio-economic-environmental model to address sustainable development and sustainability,2023,Hariram et al. 2023
"Bardhan, Pranab",Decentralization of Governance and Development,2002,Bardhan 2002
World Bank,World Development Report 1989,1989,World Bank 1989
"Beh, Loo-See","Development and Distortion of Malaysian Public‐Private Partnerships–Patronage, Privatised Profits and Pitfalls",2010,Beh 2010
"Hofstede, Geert",The cultural relativity of organizational practices and theories,1983,Hofstede 1983
"Anderson, Elizabeth S.",What is the Point of Equality?,1999,Anderson 1999
"Simmons, Beth A.; Elkins, Zachary",The globalization of liberalization: Policy diffusion in the international political economy,2004,Simmons et al. 2004
"Walt, Gill; Gilson, Lucy",Reforming the health sector in developing countries: the central role of policy analysis,1994,Walt et al. 1994
"Deaton, Angus; Cartwright, Nancy",Understanding and Misunderstanding Randomized Controlled Trials,2016,Deaton et al. 2016
"Abbass, Kashif; Qasim, Muhammad Zeeshan; Song, Huaming; Murshed, Muntasir; Mahmood, Haider; Younis, Ijaz","A review of the global climate change impacts, adaptation, and sustainable mitigation measures",2022,Abbass et al. 2022
"Jamison, Dean T.; Summers, Lawrence H.; Alleyne, George; Arrow, Kenneth J.; Berkley, Seth; Binagwaho, Agnes; Bustreo, Flavia; Evans, David; Feachem, Richard GA; Frenk, Julio",Global health 2035: a world converging within a generation,2013,Jamison et al. 2013
"Bloom, Nicholas; Van Reenen, John",Why do management practices differ across firms and countries?,2010,Bloom et al. 2010
"Dasgupta, Susmita; Laplante, Benoit; Wang, Hua; Wheeler, David",Confronting the Environmental Kuznets Curve,2002,Dasgupta et al. 2002
OECD,Paris Declaration on Aid Effectiveness,2005,OECD 2005_2
"Ullah, A. K. M Ahsan; Ibrahim, Khairunnisa; Islam, Mozharul",Foreign Aid in Global Development: Empowerment or Entrapment?,2025,Ullah et al. 2025
OECD,"DAC Guiding Principles for Aid Effectiveness, Gender Equality and Women's Empowerment",2009,OECD 2009_2
"Carcelli, Shannon P.",Bureaucracy at the Border: The Fragmentation of United States Foreign Aid,2024,Carcelli 2024
"Siyal, Pirah; Siyal, Sundas",Strengthening Local Climate Leadership: Evaluating a Community-Based Empowerment Initiative,2025,Siyal et al. 2025
"Azfar, Omar; Kahkonen, Satu; Lanyi, Anthony; Meagher, Patrick; Rutherford, Diana","Decentralization, governance and public services: The impact of institutional arrangements",1999,Azfar et al. 1999
"Kioko, Caroline",The Impact of Development Aid on Gender Equality: A Kenyan Case Study,2023,Kioko 2023
"Ahmad, Tariq; Wainer, Andrew",The Power of Ownership: Transforming US Foreign Assistance,2016,Ahmad et al. 2016_2
"Rose, Sarah; Kalow, Jared; Parks, Bradley; Masaki, Takaaki",The use and utility of US government approaches to country ownership: New insights from partner countries,2016,Rose et al. 2016
"Dunning, Casey; Rose, Sarah; McGillem, Claire",Implementing ownership at USAID and MCC: A US agency-level perspective,2017,Dunning et al. 2017
"Rose, Sarah",Focusing on Fragility: The Future of US Assistance to Fragile States,2019,Rose 2019
"Ahmad, Tariq","To Fight Corruption, Localize Aid: How US foreign assistance can support a locally driven fight against corruption",2015,Ahmad 2015_2
"Kratochwil, Friedrich; Ruggie, John Gerard",International Organization: A State of the Art on an Art of the State,1986,Kratochwil et al. 1986
"Anand, Sudhir; Ravallion, Martin",Human development in poor countries: on the role of private incomes and public services,1993,Anand et al. 1993
"Sabel, Charles F.; Zeitlin, Jonathan",Learning from difference: The new architecture of experimentalist governance in the EU,2008,Sabel et al. 2008
"Trebilcock, Anne",Decent work and the informal economy,2005,Trebilcock 2005
"Bekker, Linda-Gail; Alleyne, George; Baral, Stefan; Cepeda, Javier; Daskalakis, Demetre; Dowdy, David; Dybul, Mark; Eholie, Serge; Esom, Kene; Garnett, Geoff; Grimsrud, Anna; Hakim, James; Havlir, Diane; Isbell, Michael T; Johnson, Leigh; Kamarulzaman, Adeeba; Kasaie, Parastu; Kazatchkine, Michel; Kilonzo, Nduku; Klag, Michael; Klein, Marina; Lewin, Sharon R; Luo, Chewe; Makofane, Keletso; Martin, Natasha K; Mayer, Kenneth; Millett, Gregorio; Ntusi, Ntobeko; Pace, Loyce; Pike, Carey; Piot, Peter; Pozniak, Anton; Quinn, Thomas C; Rockstroh, Jurgen; Ratevosian, Jirair; Ryan, Owen; Sippel, Serra; Spire, Bruno; Soucat, Agnes; Starrs, Ann; Strathdee, Steffanie A; Thomson, Nicholas; Vella, Stefano; Schechter, Mauro; Vickerman, Peter; Weir, Brian; Beyrer, Chris",Advancing global health and strengthening the HIV response in the era of the Sustainable Development Goals: the International AIDS Society—Lancet Commission,2018,Bekker et al. 2018
"Haldane, Victoria; De Foo, Chuan; Abdalla, Salma M.; Jung, Anne-Sophie; Tan, Melisa; Wu, Shishi; Chua, Alvin; Verma, Monica; Shrestha, Pami; Singh, Sudhvir",Health systems resilience in managing the COVID-19 pandemic: lessons from 28 countries,2021,Haldane et al. 2021
"Ottersen, Ole Petter; Dasgupta, Jashodhara; Blouin, Chantal; Buss, Paulo; Chongsuvivatwong, Virasakdi; Frenk, Julio; Fukuda-Parr, Sakiko; Gawanas, Bience P.; Giacaman, Rita; Gyapong, John",The political origins of health inequity: prospects for change,2014,Ottersen et al. 2014
"Van Tulder, Rob; Van Zanten, Jan",Multinational enterprises and the Sustainable Development Goals: An institutional approach to corporate engagement,2018,Van Tulder et al. 2018
"Ferguson, James","The Anti-politics Machine: ""development,"" Depoliticization, and Bureaucratic Power in Lesotho",1994,Ferguson 1994
"Escobar, A.",Encountering Development: The Making and Unmaking of the Third World,2011,Escobar 2011
"Gibson, Clark; Andersson, Krister; Ostrom, Elinor; Shivakumar, Sujai",The Samaritan's Dilemma: The Political Economy of Development Aid,2005,Gibson et al. 2005
"Lancaster, Carol","Foreign Aid: Diplomacy, Development, Domestic Politics",2008,Lancaster 2008_1
"Lancaster, Carol; Van Dusen, Ann",Organizing U.S. Foreign Aid: Confronting the Challenges of the Twenty-First Century,2005,Lancaster et al. 2005
"Al Jumah, K",The Impact of a Decision Aid on Depressed Patients’ Involvement in Shared Decision Making: A Pilot Randomized Controlled Double-Blinded Study,2016,Al Jumah 2016
"Wheeler, Patrick R.; Jones, Donald R.",The Effects of Exclusive User Choice of Decision Aid Features on Decision Making,2003,Wheeler et al. 2003
"Kouamou, G.; Pettang, C.",A Federative Approach of Decision-Making Aid in Urban Development:,2008,Kouamou et al. 2008
"Shyrokykh, Karina; Dellmuth, Lisa",Climate change framings and linkages across international organizations,2025,Shyrokykh et al. 2025
"Kostic, T.; Cherkaoui, R.; Germond, A.; Pruvot, P.",Decision aid function for restoration of transmission power systems: conceptual design and real time considerations,1998,Kostic et al. 1998
"Pittinsky, Todd L.; Poon, Bonnie",Upward Advice Transmission to Leaders in Organizations: Review and Conceptual Analysis.,2005,Pittinsky et al. 2005
"Selchow, Sabine; Sluga, Glenda","Development, international organizations and international economic thinking: a conceptual contribution",2024,Selchow et al. 2024
"Hudson, John",Consequences of Aid Volatility for Macroeconomic Management and Aid Effectiveness,2015,Hudson 2015
"Niedziółka, Monika","LEGAL, INSTITUTIONAL AND FINANCIAL FORMS OF STATE AID FOR DISABLED STUDENTS",2024,Niedziółka 2024
"Iannantuoni, Alice",Foreign aid volatility and institutional development,2025,Iannantuoni 2025
"Heimler, Alberto",State Aid Control: Are the Standards and the Institutional Setting Appropriate?,2018,Heimler 2018
"Tamim, Suha R.",Inquiry-Based Learning for Faculty and Institutional Development: A Conceptual and Practical Resource for Educators,2016,Tamim 2016
Millenium Challenge Corporation,Domestic Resource Mobilization,,Millenium Challenge Corporation n.d.
"Scheufele, Dietram A.; Tewksbury, David","Framing, Agenda Setting, and Priming: The Evolution of Three Media Effects Models: Models of Media Effects",2007,Scheufele et al. 2007
"Johnson, Michael; Midgley, Gerald; Wright, Jason; Chichirau, George","Community Operational Research: Innovations, internationalization and agenda-setting applications",2018,Johnson et al. 2018
"Zahariadis, Nikolaos","Setting the agenda on agenda setting: definitions, concepts, and controversies",2025,Zahariadis 2025
"Colling, Leandro",Agenda-setting e framing: reafirmando os efeitos limitados,2008,Colling 2008
"Forde, Noelle",Agenda-Setting and Framing Effects in Both the Vietnam and Iraq Wars,2019,Forde 2019
"Liu, C.-C.; Lee, S.J.; Venkata, S.S.",An expert system operational aid for restoration and loss reduction of distribution systems,1988,Liu et al. 1988
"Lee, Heung-Jae; Park, Young-Moon",A restoration aid expert system for distribution substations,1996,Lee et al. 1996
"McKechnie, Alastair; Rabinowitz, Gideon",Localising aid: can using local actors strengthen them?,2012,McKechnie et al. 2012
"Lanati, Mauro",Ideological Conditionality of Foreign Aid during the Cold War: Did Western Allies Follow the US,2019,Lanati 2019
"Patel, Vikram; Saxena, Shekhar; Lund, Crick; Thornicroft, Graham; Baingana, Florence; Bolton, Paul; Chisholm, Dan; Collins, Pamela Y.; Cooper, Janice L.; Eaton, Julian",The Lancet Commission on global mental health and sustainable development,2018,Patel et al. 2018
"Tuck, Eve; Yang, K. Wayne",Decolonization is not a metaphor,2012,Tuck et al. 2012
"Xu, Chenggang",The Fundamental Institutions of China's Reforms and Development,2011,Xu 2011
"Feldman, Martha S.",Organizational routines as a source of continuous change,2000,Feldman 2000
World Bank,World Development Report 1986,1986,World Bank 1986
"Bank, World",Accelerated Development in Sub-Saharan Africa: An Agenda for Action,1982,World Bank 1982
"Brainard, Lael","Security by Other Means: Foreign Assistance, Global Poverty, and American Leadership",2007,Brainard 2007
"Lancaster, C.",George Bush's Foreign Aid: Transformation Or Chaos?,2008,Lancaster 2008_2
OECD,Paris Declaration on Aid Effectiveness,2005,OECD 2005_3
United Nations General Assembly,Transforming Our World: The 2030 Agenda for Sustainable Development,2015,United Nations General Assembly 2015
United Nations,"International Conference On Financing For Development 2015: Addis Ababa, Ethiopia",2015,United Nations 2015
Harry S. Truman,Inaugural Address,1949,Harry S. Truman 1949
"Rostow, Walt; Press, Cambridge University",The Stages of Economic Growth: A Non-communist Manifesto,1960,Rostow et al. 1960
"Vatter, H.G.; Walker, J.F.",History of the U. S. Economy Since World War II,1995,Vatter et al. 1995
"Smith, Brian H.",European and Canadian Private Foreign Aid since World War II: Creating New Modes of Political and Economic Influence Abroad in the Post-Colonial Era,1990,Smith 1990_1
"Walcher, Dustin","Structuring the Economy on the Periphery: The United States, the 1958 Argentine Stabilization Agreement, and the Evolution of Global Capitalism",2017,Walcher 2017
"Orr, Robert M.",Collaboration or Conflict? Foreign Aid and U.S.-Japan Relations,1989,Orr 1989
"Smith, Brian H.",U.S. Private Foreign Aid since World War II: Exporting the American Dreams of Self-Reliance and Democracy,1990,Smith 1990_2
"Dalby, Simon",Peripheral Places/Global War,2017,Dalby 2017
none,Back Matter,2017,none 2017_1
none,Front Matter,2017,none 2017_2
"Sewell, Bevan; Ryan, Maria",Foreign Policy at the Periphery: The Shifting Margins of US International Relations since World War II,2017,Sewell et al. 2017
"Onea, T.",US Foreign Policy in the Post-Cold War Era: Restraint versus Assertiveness From George H. W. Bush To Barack Obama,2013,Onea 2013_1
"Hurst, Steven",Post-revisionism,2005,Hurst 2005
"Khadka, Narayan",Foreign Aid to Nepal: Donor Motivations in the Post-Cold War Period,1997,Khadka 1997
"Onea, T.",US Foreign Policy in the Post-Cold War Era: Restraint versus Assertiveness From George H. W. Bush To Barack Obama. Prestige and Assertiveness in Kosovo,2013,Onea 2013_2
"Clapp, Jennifer",Fighting Hunger: The Cold War and US Foreign Aid,2013,Clapp 2013
"Beland, Louis-Philippe",Political Parties and Labor-Market Outcomes: Evidence from US States,2015,Beland 2015
"Bertocchi, Graziella; Dimico, Arcangelo; Lancia, Francesco; Russo, Alessia","Youth Enfranchisement, Political Responsiveness, and Education Expenditure: Evidence from the US",2020,Bertocchi et al. 2020
"Lunsford, Kurt G.; West, Kenneth D.",Some Evidence on Secular Drivers of US Safe Real Rates,2019,Lunsford et al. 2019
"Abreu, Marcelo de Paiva","Anglo-Brazilian Economic Relations and the Consolidation of American Pre-Eminence in Brazil, 1930-1945",1985,Abreu 1985
"Dippel, Christian",Political Parties Do Matter in U.S. Cities ... For Their Unfunded Pensions,2019,Dippel 2019
"Harrison, M.",The Soviet Union after 1945: Economic Recovery and Political Repression,2011,Harrison 2011
"Karakaya, İskender","US TRANSATLANTIC POLICIES AND US-EU TRANSATLANTIC RELATIONS FROM A HISTORICAL, POLITICAL, ECONOMIC AND SOCIO-CULTURAL PERSPECTIVE",2023,Karakaya 2023
"Lee, James","Foreign Aid, Development, and US Strategic Interests in the Cold War",2022,Lee 2022
"Nivola, Pietro S.","Commercializing Foreign Policy? American Trade Policy, Then and Now",1997,Nivola 1997
"Booth, David; Fritz, Verena","Good governance, aid modalities and poverty reduction",2008,Booth et al. 2008
"Kinder, Molly",Beyond bullets and bombs: Fixing the US approach to development in Pakistan,2011,Kinder 2011
"Norton, Andrew","How the 9/11 decade changed the aid, security and development landscape",2011,Norton 2011
"Mandaville, Alicia Phillips",Foreign Assistance Directly in the National Interest: A Primer for Policymakers,2017,Mandaville 2017
"Berger, Mark T.","After the Third World? History, destiny and the fate of Third Worldism",2013,Berger 2013
"Copeland, Brian R.; Taylor, M. Scott","Trade, growth, and the environment",2004,Copeland et al. 2004
"Dell, Melissa; Jones, Benjamin F.; Olken, Benjamin A.",What Do We Learn from the Weather? The New Climate-Economy Literature,2014,Dell et al. 2014
"Kilian, Lutz; Murphy, Daniel P.",THE ROLE OF INVENTORIES AND SPECULATIVE TRADING IN THE GLOBAL MARKET FOR CRUDE OIL,2014,Kilian et al. 2014
"Jensen, Michael C.","The Modern Industrial Revolution, Exit, and the Failure of Internal Control Systems",1993,Jensen 1993
"Collier, Ruth Berins; Collier, David",Shaping the Political Arena,2002,Collier et al. 2002
"Mearsheimer, John J.",Bound to Fail: The Rise and Fall of the Liberal International Order,2019,Mearsheimer 2019
"Besley, Timothy; Persson, Torsten",Why Do Developing Countries Tax So Little?,2014,Besley et al. 2014
"Haggard, Stephan; Simmons, Beth A.",Theories of International Regimes,1987,Haggard et al. 1987
"Witt, Michael A.","De-globalization: Theories, predictions, and opportunities for international business research",2019,Witt 2019
"Barkawi, Tarak; Laffey, Mark",The Postcolonial Moment in Security Studies,2006,Barkawi et al. 2006
"Javorcik, Beata Smarzynska",Does foreign direct investment increase the productivity of domestic firms? In search of spillovers through backward linkages,2004,Javorcik 2004
"Chambers, Robert",Rural development: Putting the last first,2014,Chambers 2014
"Landau, Loren B.; Achiume, E. Tendayi",Global trends: forced displacement in 2015,2017,Landau et al. 2017
"Woolcock, Michael; Narayan, Deepa","Social Capital: Implications for Development Theory, Research, and Policy",2000,Woolcock et al. 2000
"Adler-Nissen, Rebecca","Stigma management in international relations: Transgressive identities, norms, and order in international society",2014,Adler-Nissen 2014
"Baumol, William J.; Litan, Robert E.; Schramm, Carl J.","Good capitalism, bad capitalism, and the economics of growth and prosperity",2007,Baumol et al. 2007
"Krueger, Anne O.",Government failures in development,1990,Krueger 1990
"Wade, Robert H.",The developmental state: dead or alive?,2018,Wade 2018
"Fernando, Jude Lal",Lost Lives and a Missed Political Opportunity: The Politics of Conflict and Peace in Post-Tsunami Sri Lanka.,2015,Fernando 2015
"Bush, Kenneth David; Saltarelli, Diana",The two faces of education in ethnic conflict: Towards a peacebuilding education for children,2000,Bush et al. 2000
"Benatar, Solomon R.; Daar, Abdallah S.; Singer, Peter A.",Global health ethics: the rationale for mutual caring,2003,Benatar et al. 2003
"Gupta, Joyeeta; Pouw, Nicky RM; Ros-Tonen, Mirjam AF",Towards an elaborated theory of inclusive development,2015,Gupta et al. 2015
"Rampton, David; Nadarajah, Suthaharan",A long view of liberal peace and its crisis,2017,Rampton et al. 2017
"Palm, Trineke; Crum, Ben",Military operations and the EU’s identity as an international security actor,2019,Palm et al. 2019
"Fisher-Onar, Nora; Kavalski, Emilian",From trans-Atlantic order to Afro-Eur-Asian worlds? Reimagining international relations as interlocking regional worlds,2022,Fisher-Onar et al. 2022
"Maass, Richard W.",Racialization and international security,2023,Maass 2023
"Gulick, John",The Long Twentieth Century and Barriers to China's Hegemonic Accession,2011,Gulick 2011
"Selenica, Ervjola",Analysing a non-IR field through IR lenses. Education in post-conflict Kosovo,2022,Selenica 2022
,,,
